????;?????;???;???????;????
Futsi Atlético Navalcarnero;18;Bea Parrón;???????;3000
Futsi Atlético Navalcarnero;15;Etayo;???????;3500
Futsi Atlético Navalcarnero;25;Mavi;??????? ?????;3000
Futsi Atlético Navalcarnero;7;Laura Cordoba;??????? ?????;5000
Futsi Atlético Navalcarnero;5;Ariane (Ari);??????? ?????;5000
Futsi Atlético Navalcarnero;9;Luchi;??????? ?????;3500
Futsi Atlético Navalcarnero;12;Eli;??????? ?????;3000
Futsi Atlético Navalcarnero;6;Albita;??????? ?????;4000
Futsi Atlético Navalcarnero;19;Marian;??????? ?????;5000
Futsi Atlético Navalcarnero;11;Maria Sans;??????? ?????;5000
Futsi Atlético Navalcarnero;14;Anita Lujan;??????? ?????;6000
Futsi Atlético Navalcarnero;13;Rocio;??????? ?????;3000
Futsi Atlético Navalcarnero;10;Riscos;??????? ?????;3000
Futsi Atlético Navalcarnero;8;Irene Cordoba;??????? ?????;6000
Futsi Atlético Navalcarnero;2;Ju Delgado;??????? ?????;4000
STV Roldán;15;Cristina;???????;3500
STV Roldán;34;Daniela;???????;2000
STV Roldán;1;Almudena;???????;2000
STV Roldán;23;Carmen;??????? ?????;3000
STV Roldán;10;Andrea;??????? ?????;3500
STV Roldán;24;Cecilia (Ceci);??????? ?????;3500
STV Roldán;9;Eva González;??????? ?????;3500
STV Roldán;21;Irene;??????? ?????;3500
STV Roldán;8;Mayte Mateo;??????? ?????;6000
STV Roldán;19;Eva Ardil;??????? ?????;3000
STV Roldán;28;Rocío;??????? ?????;3000
STV Roldán;22;María Valverde;??????? ?????;3500
STV Roldán;14;Alba Andrades;??????? ?????;3000
STV Roldán;16;Judit;??????? ?????;3000
STV Roldán;2;Julia;??????? ?????;3000
STV Roldán;3;Laura;??????? ?????;3000
STV Roldán;11;Alba Gandía;??????? ?????;3000
STV Roldán;20;Ángela Górriz;??????? ?????;3000
STV Roldán;17;Bárbara;??????? ?????;3500
Melilla CD Torreblanca;13;María Arcas;???????;2000
Melilla CD Torreblanca;29;María Valsera;???????;3500
Melilla CD Torreblanca;10;Amandinha;??????? ?????;5000
Melilla CD Torreblanca;8;Lydia;??????? ?????;4000
Melilla CD Torreblanca;14;Dasha;??????? ?????;2000
Melilla CD Torreblanca;99;Emilly;??????? ?????;6000
Melilla CD Torreblanca;16;Irene Samper;??????? ?????;5000
Melilla CD Torreblanca;17;Silvina;??????? ?????;4000
Melilla CD Torreblanca;22;Sofia;??????? ?????;2000
Melilla CD Torreblanca;9;Ana Luiza;??????? ?????;5000
Melilla CD Torreblanca;98;Bia Souza;??????? ?????;4000
Melilla CD Torreblanca;20;Nega;??????? ?????;4000
MRB Móstoles FSF;12;Pitu;Portera;3500
MRB Móstoles FSF;1;Silvia García;Portera;3000
MRB Móstoles FSF;4;Irene;Cierre;4000
MRB Móstoles FSF;8;Rivera;Cierre;3500
MRB Móstoles FSF;17;Montufo;Ala;3500
MRB Móstoles FSF;14;Piti;Ala;3500
MRB Móstoles FSF;5;Tampa;Ala;5000
MRB Móstoles FSF;6;Nere Moldes;Ala;3000
MRB Móstoles FSF;11;Claudia;Ala;4000
MRB Móstoles FSF;19;Miriam Serrano;Ala;3500
MRB Móstoles FSF;9;Benete;Pivot;4000
MRB Móstoles FSF;10;Clau Gómez;Pivot;4000
Rodiles FS;13;Zaira Obaya;Portera;3000
Rodiles FS;12;Irati Marín;Portera;2000
Rodiles FS;3;Casado;Cierre;3000
Rodiles FS;75;Jane;Cierre;5000
Rodiles FS;10;Yasmin;Cierre;4000
Rodiles FS;55;Dani;Cierre;4000
Rodiles FS;31;Gabi;Ala;3000
Rodiles FS;5;Villazón;Ala;3000
Rodiles FS;2;Ángela;Ala;3500
Rodiles FS;11;Quixadá;Ala;3000
Rodiles FS;7;Romi;Ala;3000
Rodiles FS;99;Laura;Ala;2000
Rodiles FS;6;Clara;Ala;2000
Rodiles FS;16;Sofi;Pivot;3500
Rodiles FS;24;Nicole;Pivot;4000
Rodiles FS;8;Angelia;Pivot;3000
Les Corts UBAE;1;Muni;Portera;3000
Les Corts UBAE;3;Area;Portera;2500
Les Corts UBAE;21;Claudia;Portera;2000
Les Corts UBAE;8;Rojo;Cierre;3000
Les Corts UBAE;6;Silvia;Cierre;3000
Les Corts UBAE;14;Escribano;Ala;3000
Les Corts UBAE;11;Julia Peña;Ala;3000
Les Corts UBAE;13;Oliva;Ala;3000
Les Corts UBAE;4;Torres;Ala;3000
Les Corts UBAE;17;Peke;Ala;3000
Les Corts UBAE;24;Ona;Ala;3000
Les Corts UBAE;9;Paula Guix;Ala;3500
Les Corts UBAE;22;Bet;Pivot;3500
Les Corts UBAE;7;Martita;Pivot;3500
AD Ceuta FC;28;Ana Eliza;Portera;3000
AD Ceuta FC;1;Daniela;Portera;2000
AD Ceuta FC;2;Sara Soares;Portera;3000
AD Ceuta FC;8;C. Gadeia;Cierre;4000
AD Ceuta FC;27;Gisela;Cierre;3000
AD Ceuta FC;21;Maretti;Cierre;3000
AD Ceuta FC;3;Laura;Cierre;3000
AD Ceuta FC;7;M. Ravadelli;Cierre;3000
AD Ceuta FC;23;Ale Giménez;Ala;3000
AD Ceuta FC;16;Carla;Ala;3000
AD Ceuta FC;24;Claudia Navas;Ala;3500
AD Ceuta FC;6;Jhennif;Ala;4000
AD Ceuta FC;22;Szostak;Ala;3000
AD Ceuta FC;13;Mailén;Ala;4000
AD Ceuta FC;10;Mariam;Ala;3500
AD Ceuta FC;19;Nora;Ala;3000
AD Ceuta FC;11;Gi Costa;Pivot;3500
AD Ceuta FC;9;M. Scaletti;Pivot;3000
AD Ceuta FC;5;Nuria T.;Pivot;3000
Estrela Revoltosa Verín FSF;28;Bia;Portera;3500
Estrela Revoltosa Verín FSF;2;Lucía Paz;Portera;3000
Estrela Revoltosa Verín FSF;99;Anita Ontiveros;Cierre;4000
Estrela Revoltosa Verín FSF;7;Jeni;Cierre;4000
Estrela Revoltosa Verín FSF;19;Rafinha;Cierre;3500
Estrela Revoltosa Verín FSF;5;Adriana;Ala;3000
Estrela Revoltosa Verín FSF;13;Malak;Ala;2500
Estrela Revoltosa Verín FSF;6;María;Ala;3000
Estrela Revoltosa Verín FSF;9;Pau;Ala;3500
Estrela Revoltosa Verín FSF;22;Candela;Pivot;3000
Estrela Revoltosa Verín FSF;8;Delise;Pivot;3000
Estrela Revoltosa Verín FSF;66;M. León;Pivot;3500
Estrela Revoltosa Verín FSF;18;Nora;Pivot;3000
Estrela Revoltosa Verín FSF;29;Rafa Pato;Pivot;4000
Estrela Revoltosa Verín FSF;10;Sara Santos;Pivot;3500
Cajasol Guadalcacin FS;13;Serpa Da Silva, Gleice;Pivot;3500
Cajasol Guadalcacin FS;1;Celia Nuin;Portera;2500
Cajasol Guadalcacin FS;19;Elisa;Portera;2500
Cajasol Guadalcacin FS;17;Sandra Buzón;Portera;3000
Cajasol Guadalcacin FS;3;Guti;Cierre;4000
Cajasol Guadalcacin FS;10;Elena Aragón;Cierre;3500
Cajasol Guadalcacin FS;14;Jussara;Cierre;3000
Cajasol Guadalcacin FS;9;Ame Romero;Ala;5000
Cajasol Guadalcacin FS;23;Carla;Ala;3000
Cajasol Guadalcacin FS;6;Miriam;Ala;3500
Cajasol Guadalcacin FS;22;Naomi;Ala;3000
Cajasol Guadalcacin FS;7;Pellegry;Pivot;3000
Cajasol Guadalcacin FS;8;Lara Díaz;Pivot;3000
Wanapix Aldelis;1;Izarbe;Portera;2000
Wanapix Aldelis;7;María;Portera;2000
Wanapix Aldelis;13;Ale;Portera;2000
Wanapix Aldelis;4;Cardona;Cierre;3000
Wanapix Aldelis;6;Irene;Cierre;3000
Wanapix Aldelis;7;Ibáñez;Cierre;3000
Wanapix Aldelis;21;Ana Mazas;Ala;3000
Wanapix Aldelis;14;Clau;Ala;3000
Wanapix Aldelis;11;Titi;Ala;3000
Wanapix Aldelis;22;Marina;Ala;3000
Wanapix Aldelis;10;Marta;Ala;3000
Wanapix Aldelis;99;Noa;Ala;3000
Wanapix Aldelis;15;Patri;Ala;3000
Wanapix Aldelis;9;Yaiza;Ala;3000
Wanapix Aldelis;29;Belén;Pivot;3000
Wanapix Aldelis;8;Eider;Pivot;3000
Wanapix Aldelis;17;Juls;Pivot;3000
Ourense Ontime;12;Ana Romero;Portera;3500
Ourense Ontime;31;Uxía Rodríguez;Portera;3000
Ourense Ontime;4;Anita;Cierre;2500
Ourense Ontime;3;Chiky;Cierre;3500
Ourense Ontime;7;Alice;Ala;3000
Ourense Ontime;2;Ana Rivera;Ala;3000
Ourense Ontime;20;Catarina;Ala;3000
Ourense Ontime;11;Judith;Ala;3500
Ourense Ontime;19;Melli;Ala;3000
Ourense Ontime;10;Marta;Ala;3000
Ourense Ontime;8;Raquelilla;Ala;3000
Ourense Ontime;17;Carla Ayensa;Pivot;3000
LBTL Futsal Alcantarilla;99;Marina;Portera;3000
LBTL Futsal Alcantarilla;12;Teresa Julve;Portera;2000
LBTL Futsal Alcantarilla;13;Yolanda;Portera;2000
LBTL Futsal Alcantarilla;21;Toñi;Cierre;3000
LBTL Futsal Alcantarilla;4;Bet;Cierre;3000
LBTL Futsal Alcantarilla;20;Rocío Molina;Cierre;3000
LBTL Futsal Alcantarilla;18;Ana;Ala;3500
LBTL Futsal Alcantarilla;2;Ana Belén;Ala;3500
LBTL Futsal Alcantarilla;3;Blanca;Ala;3500
LBTL Futsal Alcantarilla;9;Clara;Ala;3000
LBTL Futsal Alcantarilla;11;Cristi;Ala;3000
LBTL Futsal Alcantarilla;6;Iraia;Ala;3000
LBTL Futsal Alcantarilla;17;Lola;Ala;3000
LBTL Futsal Alcantarilla;10;Esther;Pivot;3000
LBTL Futsal Alcantarilla;19;Lydia G.;Pivot;3000
LBTL Futsal Alcantarilla;16;Mariángeles V.;Pivot;3000
LBTL Futsal Alcantarilla;14;Paola;Pivot;300
Arriva AD Alcorcón;23;Ari;Portera;4000
Arriva AD Alcorcón;13;Valeria;Portera;2000
Arriva AD Alcorcón;16;N. Montoro;Cierre;4000
Arriva AD Alcorcón;44;Thais;Cierre;4000
Arriva AD Alcorcón;7;Clau López;Ala;5000
Arriva AD Alcorcón;8;Lora;Ala;5000
Arriva AD Alcorcón;14;Lucy;Ala;4000
Arriva AD Alcorcón;21;María B.;Ala;4000
Arriva AD Alcorcón;21;Patri Blázquez;Ala;5000
Arriva AD Alcorcón;5;Sarita;Ala;3000
Arriva AD Alcorcón;10;Tania Benito;Ala;4000
Arriva AD Alcorcón;12;L. Ajenjo;Pivot;3000
Arriva AD Alcorcón;19;Vane Sotelo;Pivot;6000
Poio Pescamar;1;Elena;Portera;4000
Poio Pescamar;15;Estela;Portera;3000
Poio Pescamar;28;Yanira;Portera;2000
Poio Pescamar;25;Bravo;Cierre;3000
Poio Pescamar;8;Martita;Cierre;4000
Poio Pescamar;11;Alba García;Ala;3000
Poio Pescamar;7;Ale De Paz;Ala;6000
Poio Pescamar;13;Carolina Pedreira;Ala;5000
Poio Pescamar;6;Débora;Ala;4000
Poio Pescamar;3;Èlia;Ala;4000
Poio Pescamar;16;Laura Sánchez;Ala;5000
Poio Pescamar;19;Luci;Ala;5000
Poio Pescamar;10;Miri;Ala;3500
Poio Pescamar;14;Chuli;Pivot;3500
Poio Pescamar;21;Laura Uña;Pivot;4000
Poio Pescamar;18;Sofía Rozas;Pivot;3500
FSF Castro Bloques Cando;21;Caridad;Portera;3000
FSF Castro Bloques Cando;22;Falconi;Portera;2500
FSF Castro Bloques Cando;17;Cris Loures;Cierre;3000
FSF Castro Bloques Cando;10;Antía Pérez;Ala;5000
FSF Castro Bloques Cando;3;Jenny;Ala;4000
FSF Castro Bloques Cando;97;Juliana;Ala;4000
FSF Castro Bloques Cando;27;Luana Moura;Ala;4000
FSF Castro Bloques Cando;12;Luisa Mayara;Ala;5000
FSF Castro Bloques Cando;16;Clara;Ala;2000
FSF Castro Bloques Cando;13;Dani Sousa;Pivot;4000
FSF Castro Bloques Cando;11;Natalinha;Pivot;5000
FSF Castro Bloques Cando;20;Patricia;Pivot;4000
Nueces de Ronda Atlético Torcal;2;Andrea;Portera;3000
Nueces de Ronda Atlético Torcal;1;Valeria;Portera;3500
Nueces de Ronda Atlético Torcal;14;Cris Blanco;Cierre;3000
Nueces de Ronda Atlético Torcal;4;Collado;Cierre;3000
Nueces de Ronda Atlético Torcal;12;Susana;Cierre;3500
Nueces de Ronda Atlético Torcal;17;Catarina Barra;Ala;3000
Nueces de Ronda Atlético Torcal;20;Guida;Ala;3000
Nueces de Ronda Atlético Torcal;22;Unami;Ala;3000
Nueces de Ronda Atlético Torcal;24;Rebecka;Ala;3000
Nueces de Ronda Atlético Torcal;19;Sandra;Ala;3000
Nueces de Ronda Atlético Torcal;8;África;Pivot;4000
Nueces de Ronda Atlético Torcal;10;Alejandra;Pivot;3500
